channel_number,channel_id,stream_id,stream_name,stream_url,channel_group_id,timestamp,video_codec,audio_codec,interlaced_status,status,bitrate_kbps,fps,resolution,frames_decoded,frames_dropped,err_decode,err_discontinuity,err_timeout
238.0,178,22868,UK: KARAOKE 8,http://cf.business-cdn.me/live/4a17e36d6d/96a721805e/381939.ts,1256,2025-12-13T13:13:13.659340,N/A,N/A,UNKNOWN,OK,N/A,N/A,N/A,N/A,N/A,False,False,False
228.0,7564,22854,UK: BOX HITS,http://cf.business-cdn.me/live/4a17e36d6d/96a721805e/162423.ts,1256,2025-12-13T13:13:24.147017,N/A,N/A,UNKNOWN,OK,N/A,N/A,N/A,N/A,N/A,False,False,False
228.0,7564,49856,UK: Box Hits,http://easyip.xyz/live/g38Stuew/j7jmCpJ/13331.ts,1256,2025-12-13T13:13:34.626636,N/A,N/A,UNKNOWN,OK,N/A,N/A,N/A,N/A,N/A,False,False,False
236.0,176,22866,UK: KARAOKE 6,http://cf.business-cdn.me/live/4a17e36d6d/96a721805e/381941.ts,1256,2025-12-13T13:13:34.626806,N/A,N/A,UNKNOWN,OK,N/A,N/A,N/A,N/A,N/A,False,False,False
235.0,175,22865,UK: KARAOKE 5,http://cf.business-cdn.me/live/4a17e36d6d/96a721805e/381942.ts,1256,2025-12-13T13:13:44.954546,N/A,N/A,UNKNOWN,OK,N/A,N/A,N/A,N/A,N/A,False,False,False
227.0,7563,22860,UK: VH1,http://cf.business-cdn.me/live/4a17e36d6d/96a721805e/162422.ts,1256,2025-12-13T13:13:55.328674,N/A,N/A,UNKNOWN,OK,N/A,N/A,N/A,N/A,N/A,False,False,False
226.0,155,22855,UK: CLUBLAND TV,http://cf.business-cdn.me/live/4a17e36d6d/96a721805e/162420.ts,1256,2025-12-13T13:14:05.593776,N/A,N/A,UNKNOWN,OK,N/A,N/A,N/A,N/A,N/A,False,False,False
226.0,155,49632,UK: Clubland TV,http://easyip.xyz/live/g38Stuew/j7jmCpJ/15064.ts,1256,2025-12-13T13:14:15.951780,h264,mp2,INTERLACED,OK,1593.1736,25.0,720x576,419.0,0.0,False,False,False
232.0,172,22862,UK: KARAOKE 2,http://cf.business-cdn.me/live/4a17e36d6d/96a721805e/381945.ts,1256,2025-12-13T13:14:15.951905,N/A,N/A,UNKNOWN,OK,N/A,N/A,N/A,N/A,N/A,False,False,False
226.0,155,50610,UK| CLUBLAND TV SD,http://mzzxzgtd.mexamo.xyz/live/7PGRPWPV/2FEKK9KD/191559.ts,1256,2025-12-13T13:14:26.265782,h264,mp2,INTERLACED,OK,2043.4464,25.0,720x576,419.0,0.0,False,False,False
231.0,171,22861,UK: KARAOKE 1,http://cf.business-cdn.me/live/4a17e36d6d/96a721805e/381946.ts,1256,2025-12-13T13:14:26.266259,N/A,N/A,UNKNOWN,OK,N/A,N/A,N/A,N/A,N/A,False,False,False
237.0,177,22867,UK: KARAOKE 7,http://cf.business-cdn.me/live/4a17e36d6d/96a721805e/381940.ts,1256,2025-12-13T13:14:36.623753,N/A,N/A,UNKNOWN,OK,N/A,N/A,N/A,N/A,N/A,False,False,False
234.0,174,22864,UK: KARAOKE 4,http://cf.business-cdn.me/live/4a17e36d6d/96a721805e/381943.ts,1256,2025-12-13T13:14:46.922939,N/A,N/A,UNKNOWN,OK,N/A,N/A,N/A,N/A,N/A,False,False,False
225.0,7561,50103,UK: That's 90s,http://easyip.xyz/live/g38Stuew/j7jmCpJ/59349.ts,1256,2025-12-13T13:14:55.722357,mpeg2video,mp2,INTERLACED,OK,2155.6888,25.0,544x576,418.0,0.0,False,False,False
225.0,7561,22851,UK: NOW 90S,http://cf.business-cdn.me/live/4a17e36d6d/96a721805e/162411.ts,1256,2025-12-13T13:14:57.235051,N/A,N/A,UNKNOWN,OK,N/A,N/A,N/A,N/A,N/A,False,False,False
228.0,7564,62519,|UK|Box Hits,http://125280576791.d4ktv.info/live/z23etr5537/pb6l2eyhpe/689871.ts,1256,2025-12-13T13:15:00.289699,N/A,N/A,N/A,Timeout,N/A,N/A,N/A,N/A,N/A,False,False,True
228.0,7564,110535,|UK|Box Hits,http://130980947578.d4ktv.info/live/v3w0cvpz3k/6s9is7pm0i/689871.ts,1256,2025-12-13T13:15:01.135383,N/A,N/A,N/A,Timeout,N/A,N/A,N/A,N/A,N/A,False,False,True
233.0,173,22863,UK: KARAOKE 3,http://cf.business-cdn.me/live/4a17e36d6d/96a721805e/381944.ts,1256,2025-12-13T13:15:07.596319,N/A,N/A,UNKNOWN,OK,N/A,N/A,N/A,N/A,N/A,False,False,False
224.0,161,50623,UK| NOW 80S SD,http://mzzxzgtd.mexamo.xyz/live/7PGRPWPV/2FEKK9KD/191699.ts,1256,2025-12-13T13:15:16.452992,h264,aac,PROGRESSIVE,OK,1624.2208,25.0,720x576,436.0,0.0,False,False,False
224.0,161,22850,UK: NOW 80S,http://cf.business-cdn.me/live/4a17e36d6d/96a721805e/162413.ts,1256,2025-12-13T13:15:17.939613,N/A,N/A,UNKNOWN,OK,N/A,N/A,N/A,N/A,N/A,False,False,False
224.0,161,49634,UK: Now 80s,http://easyip.xyz/live/g38Stuew/j7jmCpJ/25002.ts,1256,2025-12-13T13:15:32.973660,h264,aac,PROGRESSIVE,OK,1562.4536,25.0,720x576,436.0,0.0,False,False,False
226.0,155,62520,|UK|Clubland TV,http://125280576791.d4ktv.info/live/z23etr5537/pb6l2eyhpe/689872.ts,1256,2025-12-13T13:16:05.632971,h264,mp2,INTERLACED,OK,2124.0528,25.0,720x576,419.0,0.0,False,False,False
226.0,155,110536,|UK|Clubland TV,http://130980947578.d4ktv.info/live/v3w0cvpz3k/6s9is7pm0i/689872.ts,1256,2025-12-13T13:16:06.431305,h264,mp2,INTERLACED,OK,2090.1584,25.0,720x576,419.0,0.0,False,False,False
223.0,160,50622,UK| NOW 70S SD,http://mzzxzgtd.mexamo.xyz/live/7PGRPWPV/2FEKK9KD/191700.ts,1256,2025-12-13T13:16:07.534685,h264,aac,PROGRESSIVE,OK,3939.6,25.0,1280x720,473.0,0.0,False,False,False
224.0,161,62525,|UK|NOW 80s,http://125280576791.d4ktv.info/live/z23etr5537/pb6l2eyhpe/689874.ts,1256,2025-12-13T13:16:38.357299,h264,aac,PROGRESSIVE,OK,1567.0736000000002,25.0,720x576,436.0,0.0,False,False,False
224.0,161,110541,|UK|NOW 80s,http://130980947578.d4ktv.info/live/v3w0cvpz3k/6s9is7pm0i/689874.ts,1256,2025-12-13T13:16:38.693532,h264,aac,PROGRESSIVE,OK,1565.9152,25.0,720x576,436.0,0.0,False,False,False
1.0,1,22016,UK: BBC ONE WEST ᴿᴬᵂ,http://cf.business-cdn.me/live/4a17e36d6d/96a721805e/1525679.ts,835,2025-12-13T16:02:44.937543,N/A,N/A,UNKNOWN,OK,N/A,N/A,N/A,N/A,N/A,False,False,False
1.0,1,22017,UK: BBC ONE WEST MIDLANDS ᴿᴬᵂ,http://cf.business-cdn.me/live/4a17e36d6d/96a721805e/1525678.ts,835,2025-12-13T16:02:55.380158,N/A,N/A,UNKNOWN,OK,N/A,N/A,N/A,N/A,N/A,False,False,False
1.0,1,22003,UK: BBC ONE CHANNEL ISLANDS ᴿᴬᵂ,http://cf.business-cdn.me/live/4a17e36d6d/96a721805e/1525692.ts,835,2025-12-13T16:03:18.266562,N/A,N/A,UNKNOWN,OK,N/A,N/A,N/A,N/A,N/A,False,False,False
1.0,1,22004,UK: BBC ONE EAST ᴿᴬᵂ,http://cf.business-cdn.me/live/4a17e36d6d/96a721805e/1525691.ts,835,2025-12-13T16:03:28.584060,N/A,N/A,UNKNOWN,OK,N/A,N/A,N/A,N/A,N/A,False,False,False
1.0,1,22005,UK: BBC ONE EAST MIDLANDS ᴿᴬᵂ,http://cf.business-cdn.me/live/4a17e36d6d/96a721805e/1525690.ts,835,2025-12-13T16:03:38.921107,N/A,N/A,UNKNOWN,OK,N/A,N/A,N/A,N/A,N/A,False,False,False
1.0,1,49795,UK: BBC One London,http://easyip.xyz/live/g38Stuew/j7jmCpJ/10702.ts,835,2025-12-13T16:03:49.281526,h264,ac3,PROGRESSIVE,OK,5389.3624,25.0,1920x1080,315.0,0.0,False,False,True
1.0,1,49800,UK: BBC One West Midlands,http://easyip.xyz/live/g38Stuew/j7jmCpJ/31154.ts,835,2025-12-13T16:04:35.311859,h264,ac3,PROGRESSIVE,OK,5232.076,25.0,1920x1080,315.0,0.0,False,False,True
1.0,1,49803,UK: BBC One South East,http://easyip.xyz/live/g38Stuew/j7jmCpJ/31152.ts,835,2025-12-13T16:05:22.367011,h264,aac,PROGRESSIVE,OK,3785.3464,25.0,1920x1080,471.0,0.0,False,False,True
1.0,1,49805,UK: BBC One South,http://easyip.xyz/live/g38Stuew/j7jmCpJ/10680.ts,835,2025-12-13T16:06:14.217221,h264,mp2,PROGRESSIVE,OK,5599.0776,25.0,1920x1080,419.0,0.0,False,False,True
1.0,1,49807,UK: BBC One Channel Islands,http://easyip.xyz/live/g38Stuew/j7jmCpJ/31149.ts,835,2025-12-13T16:07:06.109162,h264,ac3,PROGRESSIVE,OK,4850.3512,25.0,1920x1080,315.0,0.0,False,False,False
1.0,1,49809,UK: BBC One Scotland HD,http://easyip.xyz/live/g38Stuew/j7jmCpJ/10679.ts,835,2025-12-13T16:07:31.980419,h264,aac,PROGRESSIVE,OK,5022.3608,25.0,1920x1080,474.0,0.0,False,False,True
1.0,1,49810,UK: BBC One Wales,http://easyip.xyz/live/g38Stuew/j7jmCpJ/10696.ts,835,2025-12-13T16:08:18.999681,h264,aac,PROGRESSIVE,OK,4438.7736,25.0,1920x1080,471.0,0.0,False,False,True
1.0,1,22010,UK: BBC ONE NORTH WEST ᴿᴬᵂ,http://cf.business-cdn.me/live/4a17e36d6d/96a721805e/1525685.ts,835,2025-12-13T16:09:11.888191,N/A,N/A,UNKNOWN,OK,N/A,N/A,N/A,N/A,N/A,False,False,False
1.0,1,49804,UK: BBC One West,http://easyip.xyz/live/g38Stuew/j7jmCpJ/10695.ts,835,2025-12-13T16:09:11.888307,h264,ac3,PROGRESSIVE,OK,9332.4824,25.0,1920x1080,315.0,0.0,False,False,True
1.0,1,22007,UK: BBC ONE LONDON ᴿᴬᵂ,http://cf.business-cdn.me/live/4a17e36d6d/96a721805e/1525688.ts,835,2025-12-13T16:09:58.673064,N/A,N/A,UNKNOWN,OK,N/A,N/A,N/A,N/A,N/A,False,False,False
1.0,1,49796,UK: BBC One North East And Cumbria,http://easyip.xyz/live/g38Stuew/j7jmCpJ/10700.ts,835,2025-12-13T16:09:58.673164,h264,ac3,PROGRESSIVE,OK,6700.082399999999,25.0,1920x1080,315.0,0.0,False,False,True
1.0,1,22008,UK: BBC ONE NI ᴿᴬᵂ,http://cf.business-cdn.me/live/4a17e36d6d/96a721805e/1525687.ts,835,2025-12-13T16:10:08.973703,N/A,N/A,UNKNOWN,OK,N/A,N/A,N/A,N/A,N/A,False,False,False
1.0,1,49806,UK: BBC One South West,http://easyip.xyz/live/g38Stuew/j7jmCpJ/31153.ts,835,2025-12-13T16:10:47.974886,h264,aac,PROGRESSIVE,OK,4602.930399999999,25.0,1920x1080,471.0,0.0,False,False,False
1.0,1,49801,UK: BBC One East Midlands,http://easyip.xyz/live/g38Stuew/j7jmCpJ/10704.ts,835,2025-12-13T16:11:12.896467,h264,ac3,PROGRESSIVE,OK,6018.508,25.0,1920x1080,315.0,0.0,False,False,False
1.0,1,49797,UK: BBC One North West,http://easyip.xyz/live/g38Stuew/j7jmCpJ/10699.ts,835,2025-12-13T16:14:09.506559,h264,ac3,PROGRESSIVE,OK,8152.3288,25.0,1920x1080,315.0,0.0,False,False,False
1.0,1,49802,UK: BBC One East East,http://easyip.xyz/live/g38Stuew/j7jmCpJ/31148.ts,835,2025-12-13T16:14:24.835523,h264,ac3,PROGRESSIVE,OK,12100.2488,25.0,1920x1080,315.0,0.0,False,False,True
1.0,1,49808,UK: BBC One Scotland,http://easyip.xyz/live/g38Stuew/j7jmCpJ/31151.ts,835,2025-12-13T16:15:19.314108,h264,aac,PROGRESSIVE,OK,1623.8048,25.0,720x576,436.0,0.0,False,False,False
1.0,1,50321,IE: BBC One Northern Ireland HD,http://easyip.xyz/live/g38Stuew/j7jmCpJ/7108.ts,835,2025-12-13T16:16:05.645478,h264,aac,PROGRESSIVE,OK,7274.5048,25.0,1920x1080,472.0,0.0,False,False,True
1.0,1,21806,UK: BBC ONE LONDON 4K ◉,http://cf.business-cdn.me/live/4a17e36d6d/96a721805e/497001.ts,835,2025-12-13T16:20:54.735152,N/A,N/A,UNKNOWN,OK,N/A,N/A,N/A,N/A,N/A,False,False,False
1.0,1,49456,UK: BBC One,http://easyip.xyz/live/g38Stuew/j7jmCpJ/7102.ts,835,2025-12-13T16:21:05.196142,h264,aac,PROGRESSIVE,OK,1633.4168,25.0,720x576,471.0,0.0,False,False,False
1.0,1,21850,UK: BBC ONE NI HD ◉,http://cf.business-cdn.me/live/4a17e36d6d/96a721805e/162166.ts,835,2025-12-13T16:21:36.103560,N/A,N/A,UNKNOWN,OK,N/A,N/A,N/A,N/A,N/A,False,False,False
1.0,1,49457,UK: BBC One HD,http://easyip.xyz/live/g38Stuew/j7jmCpJ/13337.ts,835,2025-12-13T16:21:36.103615,h264,aac,PROGRESSIVE,OK,6070.9368,25.0,1920x1080,472.0,0.0,False,False,True
1.0,1,21851,UK: BBC ONE WALES HD ◉,http://cf.business-cdn.me/live/4a17e36d6d/96a721805e/162167.ts,835,2025-12-13T16:21:46.349719,N/A,N/A,UNKNOWN,OK,N/A,N/A,N/A,N/A,N/A,False,False,False
1.0,1,52062,UK| BBC ONE WALES FHD,http://mzzxzgtd.mexamo.xyz/live/7PGRPWPV/2FEKK9KD/153881.ts,835,2025-12-13T16:21:56.685894,h264,aac,PROGRESSIVE,OK,4865.0744,25.0,1920x1080,471.0,0.0,False,False,True
1.0,1,21856,UK: BBC ONE CAMBRIDGE ◉,http://cf.business-cdn.me/live/4a17e36d6d/96a721805e/162176.ts,835,2025-12-13T16:22:52.927847,N/A,N/A,UNKNOWN,OK,N/A,N/A,N/A,N/A,N/A,False,False,False
1.0,1,52063,UK| BBC ONE SCOTLAND FHD,http://mzzxzgtd.mexamo.xyz/live/7PGRPWPV/2FEKK9KD/400230281.ts,835,2025-12-13T16:22:52.927952,h264,aac,PROGRESSIVE,OK,5284.504800000001,25.0,1920x1080,474.0,0.0,False,False,True
1.0,1,21857,UK: BBC ONE CHANNEL ISLAND ◉,http://cf.business-cdn.me/live/4a17e36d6d/96a721805e/162177.ts,835,2025-12-13T16:23:03.244237,N/A,N/A,UNKNOWN,OK,N/A,N/A,N/A,N/A,N/A,False,False,False
1.0,1,21858,UK: BBC ONE EAST W ◉,http://cf.business-cdn.me/live/4a17e36d6d/96a721805e/162178.ts,835,2025-12-13T16:23:13.560332,N/A,N/A,UNKNOWN,OK,N/A,N/A,N/A,N/A,N/A,False,False,False
1.0,1,21859,UK: BBC ONE NI HD ◉,http://cf.business-cdn.me/live/4a17e36d6d/96a721805e/162180.ts,835,2025-12-13T16:23:23.884356,N/A,N/A,UNKNOWN,OK,N/A,N/A,N/A,N/A,N/A,False,False,False
1.0,1,21860,UK: BBC ONE OXFORD ◉,http://cf.business-cdn.me/live/4a17e36d6d/96a721805e/162181.ts,835,2025-12-13T16:23:34.156351,N/A,N/A,UNKNOWN,OK,N/A,N/A,N/A,N/A,N/A,False,False,False
1.0,1,21861,UK: BBC ONE SCOT HD ◉,http://cf.business-cdn.me/live/4a17e36d6d/96a721805e/162182.ts,835,2025-12-13T16:23:44.441842,N/A,N/A,UNKNOWN,OK,N/A,N/A,N/A,N/A,N/A,False,False,False
1.0,1,21864,UK: BBC ONE SOUTH EAST ◉,http://cf.business-cdn.me/live/4a17e36d6d/96a721805e/162185.ts,835,2025-12-13T16:24:05.145851,N/A,N/A,UNKNOWN,OK,N/A,N/A,N/A,N/A,N/A,False,False,False
1.0,1,21865,UK: BBC ONE SOUTH WEST ◉,http://cf.business-cdn.me/live/4a17e36d6d/96a721805e/162186.ts,835,2025-12-13T16:24:15.450717,N/A,N/A,UNKNOWN,OK,N/A,N/A,N/A,N/A,N/A,False,False,False
1.0,1,21866,UK: BBC ONE WEST ◉,http://cf.business-cdn.me/live/4a17e36d6d/96a721805e/162187.ts,835,2025-12-13T16:24:25.747253,N/A,N/A,UNKNOWN,OK,N/A,N/A,N/A,N/A,N/A,False,False,False
1.0,1,21867,UK: BBC ONE YK LI ◉,http://cf.business-cdn.me/live/4a17e36d6d/96a721805e/162188.ts,835,2025-12-13T16:24:36.113820,N/A,N/A,UNKNOWN,OK,N/A,N/A,N/A,N/A,N/A,False,False,False
1.0,1,21868,UK: BBC ONE EAST MIDLANDS ◉,http://cf.business-cdn.me/live/4a17e36d6d/96a721805e/162189.ts,835,2025-12-13T16:24:46.459703,N/A,N/A,UNKNOWN,OK,N/A,N/A,N/A,N/A,N/A,False,False,False
1.0,1,21869,UK: BBC ONE WEST MIDLANDS ◉,http://cf.business-cdn.me/live/4a17e36d6d/96a721805e/162190.ts,835,2025-12-13T16:24:56.749090,N/A,N/A,UNKNOWN,OK,N/A,N/A,N/A,N/A,N/A,False,False,False
1.0,1,21871,UK: BBC ONE SOUTH EAST ◉,http://cf.business-cdn.me/live/4a17e36d6d/96a721805e/162192.ts,835,2025-12-13T16:25:07.042333,N/A,N/A,UNKNOWN,OK,N/A,N/A,N/A,N/A,N/A,False,False,False
1.0,1,21872,UK: BBC ONE NORTH EAST& CAM ◉,http://cf.business-cdn.me/live/4a17e36d6d/96a721805e/162193.ts,835,2025-12-13T16:25:17.264653,N/A,N/A,UNKNOWN,OK,N/A,N/A,N/A,N/A,N/A,False,False,False
1.0,1,21873,UK: BBC ONE WALES 4K ◉,http://cf.business-cdn.me/live/4a17e36d6d/96a721805e/162194.ts,835,2025-12-13T16:25:27.597416,N/A,N/A,UNKNOWN,OK,N/A,N/A,N/A,N/A,N/A,False,False,False
1.0,1,21870,UK: BBC ONE NORTH WEST ◉,http://cf.business-cdn.me/live/4a17e36d6d/96a721805e/162191.ts,835,2025-12-13T16:25:37.902480,N/A,N/A,UNKNOWN,OK,N/A,N/A,N/A,N/A,N/A,False,False,False
1.0,1,21862,UK: BBC ONE SCOT ◉,http://cf.business-cdn.me/live/4a17e36d6d/96a721805e/162183.ts,835,2025-12-13T16:25:48.154043,N/A,N/A,UNKNOWN,OK,N/A,N/A,N/A,N/A,N/A,False,False,False
1.0,1,52121,UK| BBC ONE EAST HD,http://mzzxzgtd.mexamo.xyz/live/7PGRPWPV/2FEKK9KD/153873.ts,835,2025-12-13T16:38:23.347383,h264,ac3,INTERLACED,OK,4550.5016000000005,25.0,1920x1080,315.0,0.0,False,False,False
1.0,1,52127,UK| BBC ONE NORTH EAST & CUMBRIA HD,http://mzzxzgtd.mexamo.xyz/live/7PGRPWPV/2FEKK9KD/153875.ts,835,2025-12-13T16:39:13.889636,h264,ac3,INTERLACED,OK,3724.4448,25.0,1920x1080,315.0,0.0,False,False,False
1.0,1,52129,UK| BBC ONE WEST,http://mzzxzgtd.mexamo.xyz/live/7PGRPWPV/2FEKK9KD/153882.ts,835,2025-12-13T16:40:08.968028,h264,ac3,INTERLACED,OK,5127.2184,25.0,1920x1080,315.0,0.0,False,False,False
1.0,1,52131,UK| BBC ONE EAST MIDLANDS HD,http://mzzxzgtd.mexamo.xyz/live/7PGRPWPV/2FEKK9KD/153874.ts,835,2025-12-13T16:41:06.011104,h264,ac3,INTERLACED,OK,4580.5016000000005,25.0,1920x1080,315.0,0.0,False,False,False
1.0,1,52132,UK| BBC ONE SCOTLAND HD,http://mzzxzgtd.mexamo.xyz/live/7PGRPWPV/2FEKK9KD/153884.ts,835,2025-12-13T16:41:38.475080,h264,aac,PROGRESSIVE,OK,2714.0504,25.0,1280x720,436.0,0.0,False,False,False
1.0,1,52133,UK| BBC ONE SCOTLAND SD,http://mzzxzgtd.mexamo.xyz/live/7PGRPWPV/2FEKK9KD/400230331.ts,835,2025-12-13T16:42:23.831511,h264,aac,UNKNOWN,OK,1571.3952,25.0,720x576,436.0,0.0,False,False,True
1.0,1,52134,UK| BBC ONE CAMBRIDGE FHD,http://mzzxzgtd.mexamo.xyz/live/7PGRPWPV/2FEKK9KD/153871.ts,835,2025-12-13T16:43:06.733445,N/A,N/A,UNKNOWN,OK,N/A,N/A,N/A,N/A,N/A,False,False,False
1.0,1,52135,UK| BBC ONE LONDON SD,http://mzzxzgtd.mexamo.xyz/live/7PGRPWPV/2FEKK9KD/191095.ts,835,2025-12-13T16:43:17.822774,h264,ac3,INTERLACED,OK,4078.6424,25.0,1920x1080,315.0,0.0,False,False,False
1.0,1,52138,UK| BBC ONE CHANNEL ISLANDS SD,http://mzzxzgtd.mexamo.xyz/live/7PGRPWPV/2FEKK9KD/191085.ts,835,2025-12-13T16:45:02.511618,h264,bin_data,INTERLACED,OK,5713.9608,25.0,1920x1080,315.0,0.0,False,False,False
1.0,1,21876,UK: BBC ONE SCOTLAND HD ◉,http://cf.business-cdn.me/live/4a17e36d6d/96a721805e/162223.ts,835,2025-12-13T16:47:32.946606,N/A,N/A,UNKNOWN,OK,N/A,N/A,N/A,N/A,N/A,False,False,False
1.0,1,52130,UK| BBC ONE WEST MIDLANDS HD,http://mzzxzgtd.mexamo.xyz/live/7PGRPWPV/2FEKK9KD/153883.ts,835,2025-12-13T16:47:32.947247,h264,ac3,INTERLACED,OK,4393.215200000001,25.0,1920x1080,315.0,0.0,False,False,False
1.0,1,52123,UK| BBC ONE SOUTH EAST SD,http://mzzxzgtd.mexamo.xyz/live/7PGRPWPV/2FEKK9KD/191111.ts,835,2025-12-13T16:49:34.138881,h264,aac,INTERLACED,OK,3965.808,25.0,1920x1080,471.0,0.0,False,False,False
1.0,1,22009,UK: BBC ONE NORTH EAST & CUMBRIA ᴿᴬᵂ,http://cf.business-cdn.me/live/4a17e36d6d/96a721805e/1525686.ts,835,2025-12-13T16:50:47.367550,N/A,N/A,UNKNOWN,OK,N/A,N/A,N/A,N/A,N/A,False,False,False
1.0,1,22011,UK: BBC ONE SCOTLAND ᴿᴬᵂ,http://cf.business-cdn.me/live/4a17e36d6d/96a721805e/1525684.ts,835,2025-12-13T16:50:57.668210,N/A,N/A,UNKNOWN,OK,N/A,N/A,N/A,N/A,N/A,False,False,False
1.0,1,22013,UK: BBC ONE SOUTH EAST ᴿᴬᵂ,http://cf.business-cdn.me/live/4a17e36d6d/96a721805e/1525682.ts,835,2025-12-13T16:51:07.898009,N/A,N/A,UNKNOWN,OK,N/A,N/A,N/A,N/A,N/A,False,False,False
1.0,1,22014,UK: BBC ONE SOUTH WEST ᴿᴬᵂ,http://cf.business-cdn.me/live/4a17e36d6d/96a721805e/1525681.ts,835,2025-12-13T16:51:18.262325,N/A,N/A,UNKNOWN,OK,N/A,N/A,N/A,N/A,N/A,False,False,False
1.0,1,52124,UK| BBC ONE SOUTH WEST SD,http://mzzxzgtd.mexamo.xyz/live/7PGRPWPV/2FEKK9KD/191110.ts,835,2025-12-13T16:51:24.197984,h264,ac3,INTERLACED,OK,3687.792,25.0,1920x1080,315.0,0.0,False,False,False
1.0,1,22015,UK: BBC ONE WALES ᴿᴬᵂ,http://cf.business-cdn.me/live/4a17e36d6d/96a721805e/1525680.ts,835,2025-12-13T16:51:28.570545,N/A,N/A,UNKNOWN,OK,N/A,N/A,N/A,N/A,N/A,False,False,False
1.0,1,22012,UK: BBC ONE SOUTH ᴿᴬᵂ,http://cf.business-cdn.me/live/4a17e36d6d/96a721805e/1525683.ts,835,2025-12-13T16:51:38.891982,N/A,N/A,UNKNOWN,OK,N/A,N/A,N/A,N/A,N/A,False,False,False
1.0,1,52125,UK| BBC ONE NORTH WEST SD,http://mzzxzgtd.mexamo.xyz/live/7PGRPWPV/2FEKK9KD/191098.ts,835,2025-12-13T16:52:23.973769,h264,dvb_subtitle,INTERLACED,OK,4495.9104,25.0,1920x1080,315.0,0.0,False,False,False
1.0,1,52126,UK| BBC ONE NORTHERN IRELAND FHD,http://mzzxzgtd.mexamo.xyz/live/7PGRPWPV/2FEKK9KD/191099.ts,835,2025-12-13T16:53:11.749102,h264,ac3,INTERLACED,OK,4961.0528,25.0,1920x1080,315.0,0.0,False,False,False
1.0,1,52122,UK| BBC ONE SOUTH SD,http://mzzxzgtd.mexamo.xyz/live/7PGRPWPV/2FEKK9KD/191112.ts,835,2025-12-13T16:53:44.063613,h264,mp2,INTERLACED,OK,3787.3696,25.0,1920x1080,419.0,0.0,False,False,True
1.0,1,52128,UK| BBC ONE WEST SD,http://mzzxzgtd.mexamo.xyz/live/7PGRPWPV/2FEKK9KD/191108.ts,835,2025-12-13T16:54:45.443890,h264,ac3,INTERLACED,OK,6175.794400000001,25.0,1920x1080,315.0,0.0,False,False,True
1.0,1,110072,|UK| BBC One West ᵁᴴᴰ,http://130980947578.d4ktv.info/live/v3w0cvpz3k/6s9is7pm0i/690830.ts,835,2025-12-13T17:29:05.158285,h264,ac3,INTERLACED,OK,4232.264,25.0,1920x1080,315.0,0.0,False,False,False
1.0,1,62056,|UK| BBC One West ᵁᴴᴰ,http://125280576791.d4ktv.info/live/z23etr5537/pb6l2eyhpe/690830.ts,835,2025-12-13T17:29:30.830249,h264,ac3,PROGRESSIVE,OK,5166.9712,25.0,1920x1080,315.0,0.0,False,False,True
1.0,1,110071,|UK| BBC One Wales ᵁᴴᴰ,http://130980947578.d4ktv.info/live/v3w0cvpz3k/6s9is7pm0i/690821.ts,835,2025-12-13T17:29:58.577046,h264,aac,PROGRESSIVE,OK,5948.968,25.0,1920x1080,471.0,0.0,False,False,True
1.0,1,62055,|UK| BBC One Wales ᵁᴴᴰ,http://125280576791.d4ktv.info/live/z23etr5537/pb6l2eyhpe/690821.ts,835,2025-12-13T17:30:18.043886,h264,aac,PROGRESSIVE,OK,4812.6456,25.0,1920x1080,471.0,0.0,False,False,True
1.0,1,110070,|UK| BBC One South East ᵁᴴᴰ,http://130980947578.d4ktv.info/live/v3w0cvpz3k/6s9is7pm0i/690829.ts,835,2025-12-13T17:30:52.256034,h264,aac,INTERLACED,OK,6155.944,25.0,1920x1080,471.0,0.0,False,False,True
1.0,1,62054,|UK| BBC One South East ᵁᴴᴰ,http://125280576791.d4ktv.info/live/z23etr5537/pb6l2eyhpe/690829.ts,835,2025-12-13T17:31:01.739774,h264,aac,INTERLACED,OK,4131.0712,25.0,1920x1080,471.0,0.0,False,False,True
1.0,1,110068,|UK| BBC One Northern Ireland ᵁᴴᴰ,http://130980947578.d4ktv.info/live/v3w0cvpz3k/6s9is7pm0i/690822.ts,835,2025-12-13T17:31:44.908709,h264,ac3,INTERLACED,OK,6899.169599999999,25.0,1920x1080,315.0,0.0,True,False,False
1.0,1,62052,|UK| BBC One Northern Ireland ᵁᴴᴰ,http://125280576791.d4ktv.info/live/z23etr5537/pb6l2eyhpe/690822.ts,835,2025-12-13T17:31:53.870041,h264,ac3,INTERLACED,OK,5382.0432,25.0,1920x1080,315.0,0.0,False,False,False
1.0,1,110069,|UK| BBC One North West ᵁᴴᴰ,http://130980947578.d4ktv.info/live/v3w0cvpz3k/6s9is7pm0i/690828.ts,835,2025-12-13T17:32:03.427784,h264,ac3,INTERLACED,OK,4541.255999999999,25.0,1920x1080,315.0,0.0,False,False,False
1.0,1,62053,|UK| BBC One North West ᵁᴴᴰ,http://125280576791.d4ktv.info/live/z23etr5537/pb6l2eyhpe/690828.ts,835,2025-12-13T17:32:12.263670,h264,ac3,PROGRESSIVE,OK,3660.2704,25.0,1920x1080,315.0,0.0,False,False,False
1.0,1,110852,|UK|  BBC ONE ᴴᴰ,http://130980947578.d4ktv.info/live/v3w0cvpz3k/6s9is7pm0i/77361.ts,835,2025-12-13T17:32:17.880865,h264,aac,UNKNOWN,OK,1565.9152,25.0,720x576,472.0,0.0,False,False,False
1.0,1,62836,|UK|  BBC ONE ᴴᴰ,http://125280576791.d4ktv.info/live/z23etr5537/pb6l2eyhpe/77361.ts,835,2025-12-13T17:32:28.639455,h264,aac,UNKNOWN,OK,N/A,25.0,720x576,N/A,N/A,False,False,False
1.0,1,110859,|UK|  BBC ONE WAL ᴴᴰ,http://130980947578.d4ktv.info/live/v3w0cvpz3k/6s9is7pm0i/77366.ts,835,2025-12-13T17:32:29.143791,h264,aac,UNKNOWN,OK,N/A,25.0,1920x1080,N/A,N/A,False,False,True
1.0,1,62843,|UK|  BBC ONE WAL ᴴᴰ,http://125280576791.d4ktv.info/live/z23etr5537/pb6l2eyhpe/77366.ts,835,2025-12-13T17:32:39.668503,h264,aac,PROGRESSIVE,OK,5312.5392,25.0,1920x1080,471.0,0.0,False,False,True
1.0,1,110860,|UK|  BBC ONE W MID,http://130980947578.d4ktv.info/live/v3w0cvpz3k/6s9is7pm0i/77375.ts,835,2025-12-13T17:33:10.018314,h264,ac3,INTERLACED,OK,5157.5376,25.0,1920x1080,315.0,0.0,False,False,False
1.0,1,62844,|UK|  BBC ONE W MID,http://125280576791.d4ktv.info/live/z23etr5537/pb6l2eyhpe/77375.ts,835,2025-12-13T17:33:24.667152,h264,ac3,INTERLACED,OK,4122.4272,25.0,1920x1080,315.0,0.0,False,False,False
1.0,1,110855,|UK|  BBC ONE OXFORD,http://130980947578.d4ktv.info/live/v3w0cvpz3k/6s9is7pm0i/77372.ts,835,2025-12-13T17:36:59.661829,N/A,N/A,N/A,Timeout,N/A,N/A,N/A,N/A,N/A,False,False,True
1.0,1,62839,|UK|  BBC ONE OXFORD,http://125280576791.d4ktv.info/live/z23etr5537/pb6l2eyhpe/77372.ts,835,2025-12-13T17:37:09.575416,N/A,N/A,N/A,Timeout,N/A,N/A,N/A,N/A,N/A,False,False,True
1.0,1,110854,|UK|  BBC ONE NI ᴴᴰ,http://130980947578.d4ktv.info/live/v3w0cvpz3k/6s9is7pm0i/77369.ts,835,2025-12-13T17:38:04.938351,h264,aac,PROGRESSIVE,OK,6228.2232,25.0,1920x1080,472.0,0.0,False,False,False
1.0,1,62838,|UK|  BBC ONE NI ᴴᴰ,http://125280576791.d4ktv.info/live/z23etr5537/pb6l2eyhpe/77369.ts,835,2025-12-13T17:38:14.876500,h264,aac,PROGRESSIVE,OK,6647.6536,25.0,1920x1080,471.0,0.0,False,False,False
1.0,1,62051,|UK| BBC One North East & Cumbria ᵁᴴᴰ,http://125280576791.d4ktv.info/live/z23etr5537/pb6l2eyhpe/690827.ts,835,2025-12-13T17:39:26.402293,h264,ac3,INTERLACED,OK,5966.0792,25.0,1920x1080,315.0,0.0,False,False,True
1.0,1,110851,|UK|  BBC ONE EAST MIDLANDS,http://130980947578.d4ktv.info/live/v3w0cvpz3k/6s9is7pm0i/77370.ts,835,2025-12-13T17:39:55.483470,h264,ac3,INTERLACED,OK,5808.7928,25.0,1920x1080,315.0,0.0,False,False,False
1.0,1,110066,|UK| BBC One Channel Islands ᵁᴴᴰ,http://130980947578.d4ktv.info/live/v3w0cvpz3k/6s9is7pm0i/690825.ts,835,2025-12-13T17:40:13.797366,h264,ac3,INTERLACED,OK,6965.064,25.0,1920x1080,315.0,0.0,False,False,False
1.0,1,62840,|UK|  BBC ONE SCOT ᴴᴰ,http://125280576791.d4ktv.info/live/z23etr5537/pb6l2eyhpe/77365.ts,835,2025-12-13T17:41:08.331275,h264,aac,UNKNOWN,OK,1629.6272,25.0,720x576,436.0,0.0,False,False,False
1.0,1,110856,|UK|  BBC ONE SCOT ᴴᴰ,http://130980947578.d4ktv.info/live/v3w0cvpz3k/6s9is7pm0i/77365.ts,835,2025-12-13T17:41:18.460565,h264,aac,PROGRESSIVE,OK,1509.1536,25.0,720x576,436.0,0.0,False,False,False
1.0,1,110861,|UK|  BBC ONE SCOTLAND ᴴᴰ,http://130980947578.d4ktv.info/live/v3w0cvpz3k/6s9is7pm0i/77376.ts,835,2025-12-13T17:41:47.815169,h264,aac,PROGRESSIVE,OK,7952.8464,25.0,1920x1080,474.0,0.0,False,False,True
1.0,1,62841,|UK|  BBC ONE SOUTH,http://125280576791.d4ktv.info/live/z23etr5537/pb6l2eyhpe/77374.ts,835,2025-12-13T17:42:04.533869,h264,mp2,INTERLACED,OK,7681.390399999999,25.0,1920x1080,419.0,0.0,False,False,True
1.0,1,110046,|UK|  BBC ONE NEWS ᴴᴰ,http://130980947578.d4ktv.info/live/v3w0cvpz3k/6s9is7pm0i/77360.ts,835,2025-12-13T17:42:40.203593,h264,aac,PROGRESSIVE,OK,2934.4208,25.0,1280x720,472.0,0.0,False,False,False
1.0,1,62845,|UK|  BBC ONE SCOTLAND ᴴᴰ,http://125280576791.d4ktv.info/live/z23etr5537/pb6l2eyhpe/77376.ts,835,2025-12-13T17:42:55.699731,h264,aac,PROGRESSIVE,OK,7958.373600000001,25.0,1920x1080,474.0,0.0,False,False,False
1.0,1,110853,|UK|  BBC ONE LON,http://130980947578.d4ktv.info/live/v3w0cvpz3k/6s9is7pm0i/77364.ts,835,2025-12-13T17:43:16.117628,h264,ac3,PROGRESSIVE,OK,3956.9104,25.0,1920x1080,315.0,0.0,False,False,False
1.0,1,62030,|UK|  BBC ONE NEWS ᴴᴰ,http://125280576791.d4ktv.info/live/z23etr5537/pb6l2eyhpe/77360.ts,835,2025-12-13T17:43:37.501808,h264,aac,PROGRESSIVE,OK,2415.4128,25.0,1280x720,472.0,0.0,False,False,False
1.0,1,110067,|UK| BBC One North East & Cumbria ᵁᴴᴰ,http://130980947578.d4ktv.info/live/v3w0cvpz3k/6s9is7pm0i/690827.ts,835,2025-12-13T17:43:58.607657,h264,ac3,INTERLACED,OK,17863.304,25.0,1920x1080,315.0,0.0,False,False,True
1.0,1,62837,|UK|  BBC ONE LON,http://125280576791.d4ktv.info/live/z23etr5537/pb6l2eyhpe/77364.ts,835,2025-12-13T17:44:03.415700,h264,ac3,PROGRESSIVE,OK,3920.6096,25.0,1920x1080,315.0,0.0,False,False,False
1.0,1,110858,|UK| BBC ONE S WEST,http://130980947578.d4ktv.info/live/v3w0cvpz3k/6s9is7pm0i/77373.ts,835,2025-12-13T17:44:45.995950,h264,ac3,INTERLACED,OK,3761.0064,25.0,1920x1080,315.0,0.0,False,False,True
1.0,1,62835,|UK|  BBC ONE EAST MIDLANDS,http://125280576791.d4ktv.info/live/z23etr5537/pb6l2eyhpe/77370.ts,835,2025-12-13T17:44:46.995440,h264,ac3,UNKNOWN,OK,N/A,25.0,1920x1080,N/A,N/A,False,False,False
1.0,1,62050,|UK| BBC One Channel Islands ᵁᴴᴰ,http://125280576791.d4ktv.info/live/z23etr5537/pb6l2eyhpe/690825.ts,835,2025-12-13T17:44:58.437934,h264,ac3,INTERLACED,OK,4865.0744,25.0,1920x1080,315.0,0.0,False,False,False
1.0,1,62834,|UK|  BBC ONE EAST E,http://125280576791.d4ktv.info/live/z23etr5537/pb6l2eyhpe/77371.ts,835,2025-12-13T17:46:44.257282,h264,ac3,INTERLACED,OK,2892.6736,25.0,1920x1080,315.0,0.0,False,False,True
1.0,1,110850,|UK|  BBC ONE EAST E,http://130980947578.d4ktv.info/live/v3w0cvpz3k/6s9is7pm0i/77371.ts,835,2025-12-13T17:47:58.602381,h264,ac3,UNKNOWN,OK,N/A,25.0,1920x1080,N/A,N/A,False,False,True
1.0,1,62842,|UK| BBC ONE S WEST,http://125280576791.d4ktv.info/live/z23etr5537/pb6l2eyhpe/77373.ts,835,2025-12-13T17:48:28.407217,h264,ac3,PROGRESSIVE,OK,3845.5696,25.0,1920x1080,315.0,0.0,False,False,True
1.0,1,110857,|UK|  BBC ONE SOUTH,http://130980947578.d4ktv.info/live/v3w0cvpz3k/6s9is7pm0i/77374.ts,835,2025-12-13T17:48:39.518048,h264,mp2,UNKNOWN,OK,N/A,25.0,1920x1080,N/A,N/A,False,False,False
3.0,5,52159,UK| ITV YORKSHIRE WEST SD,http://mzzxzgtd.mexamo.xyz/live/7PGRPWPV/2FEKK9KD/191030.ts,835,2025-12-13T20:12:04.981815,h264,ac3,INTERLACED,OK,5756.364,25.0,1920x1080,315.0,0.0,False,False,False
3.0,5,49957,UK: ITV1 Yorkshire West,http://easyip.xyz/live/g38Stuew/j7jmCpJ/31175.ts,835,2025-12-13T20:12:04.982263,h264,ac3,INTERLACED,OK,5494.219999999999,25.0,1920x1080,315.0,0.0,False,False,False
3.0,5,21990,UK: ITV Yorkshire 4K,http://cf.business-cdn.me/live/4a17e36d6d/96a721805e/1173049.ts,835,2025-12-13T20:12:04.984123,N/A,N/A,UNKNOWN,OK,N/A,N/A,N/A,N/A,N/A,False,False,False
3.0,5,117216,UK: ITV1 Yorkshire East HD,http://easyip.xyz/live/g38Stuew/j7jmCpJ/34300.ts,835,2025-12-13T20:12:46.471812,h264,mp2,INTERLACED,OK,5792.5656,25.0,1920x1080,419.0,0.0,False,False,False
406.0,43,62564,|UK| Sky Sports F1 UHD,http://125280576791.d4ktv.info/live/z23etr5537/pb6l2eyhpe/1076470.ts,3440,2025-12-13T20:23:10.294817,hevc,eac3,UNKNOWN,OK,N/A,50.0,3840x2160,N/A,N/A,False,False,True
406.0,43,110580,|UK| Sky Sports F1 UHD,http://130980947578.d4ktv.info/live/v3w0cvpz3k/6s9is7pm0i/1076470.ts,3440,2025-12-13T20:23:10.295353,hevc,eac3,UNKNOWN,OK,N/A,50.0,3840x2160,N/A,N/A,False,False,False
406.0,43,49656,UK: Sky Sports Darts UHD,http://easyip.xyz/live/g38Stuew/j7jmCpJ/91265.ts,3440,2025-12-13T20:23:10.296517,hevc,eac3,PROGRESSIVE,OK,10894.3192,50.0,3840x2160,315.0,0.0,False,False,True
406.0,43,110581,|UK| Sky Sports F1 ULTRA ᵁᴴᴰ (DOLBY ATMOS),http://130980947578.d4ktv.info/live/v3w0cvpz3k/6s9is7pm0i/1148828.ts,3440,2025-12-13T20:23:21.321039,hevc,eac3,PROGRESSIVE,OK,12204.872,50.0,3840x2160,315.0,0.0,False,False,True
406.0,43,50404,UK| SKY SPORTS F1 UHD,http://mzzxzgtd.mexamo.xyz/live/7PGRPWPV/2FEKK9KD/401756449.ts,3440,2025-12-13T20:24:03.737397,hevc,eac3,PROGRESSIVE,OK,11733.2472,50.0,3840x2160,315.0,0.0,False,False,True
406.0,43,62565,|UK| Sky Sports F1 ULTRA ᵁᴴᴰ (DOLBY ATMOS),http://125280576791.d4ktv.info/live/z23etr5537/pb6l2eyhpe/1148828.ts,3440,2025-12-13T20:24:38.677963,hevc,eac3,PROGRESSIVE,OK,15560.549600000002,50.0,3840x2160,315.0,0.0,False,False,True
1.0,1,110074,|UK| BBC One Yorkshire ᵁᴴᴰ,http://130980947578.d4ktv.info/live/v3w0cvpz3k/6s9is7pm0i/690831.ts,835,2025-12-14T15:45:48.913338,h264,ac3,UNKNOWN,OK,N/A,25.0,1920x1080,N/A,N/A,False,False,False
1.0,1,62058,|UK| BBC One Yorkshire ᵁᴴᴰ,http://125280576791.d4ktv.info/live/z23etr5537/pb6l2eyhpe/690831.ts,835,2025-12-14T15:45:48.914072,h264,ac3,UNKNOWN,OK,N/A,25.0,1920x1080,N/A,N/A,False,False,False
1.0,1,117207,UK| BBC ONE YORKSHIRE & NORTH MIDLANDS SD,http://mzzxzgtd.mexamo.xyz/live/7PGRPWPV/2FEKK9KD/189988.ts,835,2025-12-14T15:45:48.915851,h264,ac3,PROGRESSIVE,OK,4550.5016000000005,25.0,1920x1080,315.0,0.0,False,False,True
1.0,1,49798,UK: BBC One Yorkshire & North Midlands,http://easyip.xyz/live/g38Stuew/j7jmCpJ/31155.ts,835,2025-12-14T15:45:48.917193,h264,ac3,PROGRESSIVE,OK,4322.332,25.0,1920x1080,315.0,0.0,False,False,False
1.0,1,22018,UK: BBC ONE YORKSHIRE ᴿᴬᵂ,http://cf.business-cdn.me/live/4a17e36d6d/96a721805e/1525677.ts,835,2025-12-14T15:45:59.843939,N/A,N/A,UNKNOWN,OK,N/A,N/A,N/A,N/A,N/A,False,False,False
1.0,1,117214,|UK| BBC One Yorkshire & Lincolnshire ᵁᴴᴰ,http://125280576791.d4ktv.info/live/z23etr5537/pb6l2eyhpe/690826.ts,835,2025-12-14T15:45:59.844074,h264,ac3,PROGRESSIVE,OK,4488.3152,25.0,1920x1080,315.0,0.0,False,False,False
1.0,1,21863,UK: BBC ONE YORKS ◉,http://cf.business-cdn.me/live/4a17e36d6d/96a721805e/162184.ts,835,2025-12-14T15:46:10.423133,N/A,N/A,UNKNOWN,OK,N/A,N/A,N/A,N/A,N/A,False,False,False
1.0,1,22006,UK: BBC ONE EAST YORKSHIRE & LINCOLNSHIRE ᴿᴬᵂ,http://cf.business-cdn.me/live/4a17e36d6d/96a721805e/1525689.ts,835,2025-12-14T15:46:20.945362,N/A,N/A,UNKNOWN,OK,N/A,N/A,N/A,N/A,N/A,False,False,False
1.0,1,117217,|UK| BBC One Yorkshire & Lincolnshire ᵁᴴᴰ,http://130980947578.d4ktv.info/live/v3w0cvpz3k/6s9is7pm0i/690826.ts,835,2025-12-14T15:46:27.468107,h264,ac3,PROGRESSIVE,OK,4812.6456,25.0,1920x1080,315.0,0.0,False,False,True
1.0,1,52137,UK| BBC ONE YORK SD,http://mzzxzgtd.mexamo.xyz/live/7PGRPWPV/2FEKK9KD/40086.ts,835,2025-12-14T15:46:29.254486,h264,ac3,PROGRESSIVE,OK,N/A,25.0,1920x1080,N/A,N/A,False,False,False
1.0,1,49799,UK: BBC One East Yorkshire and Lincolnshire,http://easyip.xyz/live/g38Stuew/j7jmCpJ/10694.ts,835,2025-12-14T15:46:40.854757,h264,ac3,PROGRESSIVE,OK,5840.8728,25.0,1920x1080,315.0,0.0,False,False,False
403.0,44,61969,|UK| Sky Sports Football ᵁᴴᴰ,http://125280576791.d4ktv.info/live/z23etr5537/pb6l2eyhpe/693877.ts,3440,2025-12-14T16:09:46.851377,hevc,aac,UNKNOWN,OK,N/A,25.0,1920x1080,N/A,N/A,False,False,False
403.0,44,109985,|UK| Sky Sports Football ᵁᴴᴰ,http://130980947578.d4ktv.info/live/v3w0cvpz3k/6s9is7pm0i/693877.ts,3440,2025-12-14T16:09:46.851744,hevc,aac,UNKNOWN,OK,N/A,25.0,1920x1080,N/A,N/A,False,False,False
403.0,44,110022,|UK| SKY SPORTS FOOTBALL ᵁᴴᴰ,http://130980947578.d4ktv.info/live/v3w0cvpz3k/6s9is7pm0i/138135.ts,3440,2025-12-14T16:09:57.667576,h264,aac,UNKNOWN,OK,N/A,25.0,1920x1080,N/A,N/A,False,False,False
403.0,44,62006,|UK| SKY SPORTS FOOTBALL ᵁᴴᴰ,http://125280576791.d4ktv.info/live/z23etr5537/pb6l2eyhpe/138135.ts,3440,2025-12-14T16:09:57.783900,h264,aac,UNKNOWN,OK,N/A,25.0,1920x1080,N/A,N/A,False,False,False
403.0,44,110573,|UK| SKY SPORTS FOOTBALL ᴴᴰ,http://130980947578.d4ktv.info/live/v3w0cvpz3k/6s9is7pm0i/10516.ts,3440,2025-12-14T16:10:08.563284,h264,aac,PROGRESSIVE,OK,3078.0624,50.0,1280x720,476.0,0.0,False,False,False
403.0,44,62557,|UK| SKY SPORTS FOOTBALL ᴴᴰ,http://125280576791.d4ktv.info/live/z23etr5537/pb6l2eyhpe/10516.ts,3440,2025-12-14T16:10:08.699423,h264,aac,UNKNOWN,OK,N/A,50.0,1280x720,N/A,N/A,False,False,False
403.0,44,23375,VIP: SKY SPORTS FOOTBALL ᴿᴬᵂ ᴿᴬᵂ,http://cf.business-cdn.me/live/4a17e36d6d/96a721805e/1290205.ts,3440,2025-12-14T16:10:20.087405,N/A,N/A,UNKNOWN,OK,N/A,N/A,N/A,N/A,N/A,False,False,False
403.0,44,63000,|UK| SKY SPORTS FOOTBALL ˢᴰ,http://125280576791.d4ktv.info/live/z23etr5537/pb6l2eyhpe/205924.ts,3440,2025-12-14T16:10:20.087509,h264,aac,PROGRESSIVE,OK,2271.4704,50.0,720x576,477.0,0.0,False,False,False
403.0,44,110943,|UK| SKY SPORTS FOOTBALL ˢᴰ,http://130980947578.d4ktv.info/live/v3w0cvpz3k/6s9is7pm0i/205924.ts,3440,2025-12-14T16:10:22.104341,N/A,N/A,PROGRESSIVE,OK,2269.1536,N/A,N/A,477.0,0.0,False,False,False
403.0,44,23341,VIP: SKY SPORTS FOOTBALL ᴿᴬᵂ,http://cf.business-cdn.me/live/4a17e36d6d/96a721805e/1290239.ts,3440,2025-12-14T16:10:30.355157,N/A,N/A,UNKNOWN,OK,N/A,N/A,N/A,N/A,N/A,False,False,False
403.0,44,23288,VIP: SKY SPORTS FOOTBALL ᴴᴰ ʰᵉᵛᶜ,http://cf.business-cdn.me/live/4a17e36d6d/96a721805e/1290292.ts,3440,2025-12-14T16:10:40.687823,N/A,N/A,UNKNOWN,OK,N/A,N/A,N/A,N/A,N/A,False,False,False
403.0,44,23267,VIP: SKY SPORTS FOOTBALL ᴴᴰ,http://cf.business-cdn.me/live/4a17e36d6d/96a721805e/1290313.ts,3440,2025-12-14T16:10:50.907770,N/A,N/A,UNKNOWN,OK,N/A,N/A,N/A,N/A,N/A,False,False,False
403.0,44,62555,|UK| SKY SPORTS FOOTBALL 50 FPS,http://125280576791.d4ktv.info/live/z23etr5537/pb6l2eyhpe/303268.ts,3440,2025-12-14T16:10:53.652971,h264,eac3,PROGRESSIVE,OK,8325.375199999999,50.0,1920x1080,316.0,0.0,False,False,True
403.0,44,110571,|UK| SKY SPORTS FOOTBALL 50 FPS,http://130980947578.d4ktv.info/live/v3w0cvpz3k/6s9is7pm0i/303268.ts,3440,2025-12-14T16:10:55.293663,h264,eac3,PROGRESSIVE,OK,8325.375199999999,50.0,1920x1080,316.0,0.0,False,False,True
403.0,44,52337,UK| SKY SPORTS FOOTBALL [BK],http://mzzxzgtd.mexamo.xyz/live/7PGRPWPV/2FEKK9KD/401384749.ts,3440,2025-12-14T16:11:01.239614,h264,aac,PROGRESSIVE,OK,7522.4992,50.0,1920x1080,472.0,0.0,False,False,True
403.0,44,23362,VIP: SKY SPORTS FOOTBALL ᴿᴬᵂ ʰᵉᵛᶜ,http://cf.business-cdn.me/live/4a17e36d6d/96a721805e/1290218.ts,3440,2025-12-14T16:11:01.239735,N/A,N/A,UNKNOWN,OK,N/A,N/A,N/A,N/A,N/A,False,False,False
403.0,44,23324,VIP: SKY SPORTS FOOTBALL SD ʰᵉᵛᶜ,http://cf.business-cdn.me/live/4a17e36d6d/96a721805e/1290256.ts,3440,2025-12-14T16:11:11.600572,N/A,N/A,UNKNOWN,OK,N/A,N/A,N/A,N/A,N/A,False,False,False
403.0,44,23301,VIP: SKY SPORTS FOOTBALL SD,http://cf.business-cdn.me/live/4a17e36d6d/96a721805e/1290279.ts,3440,2025-12-14T16:11:21.853514,N/A,N/A,UNKNOWN,OK,N/A,N/A,N/A,N/A,N/A,False,False,False
403.0,44,62556,|UK| SKY SPORTS FOOTBALL  ᵁᴴᴰ,http://125280576791.d4ktv.info/live/z23etr5537/pb6l2eyhpe/50273.ts,3440,2025-12-14T16:11:37.795717,h264,aac,PROGRESSIVE,OK,5067.2592,25.0,1280x720,472.0,0.0,False,False,False
403.0,44,110572,|UK| SKY SPORTS FOOTBALL  ᵁᴴᴰ,http://130980947578.d4ktv.info/live/v3w0cvpz3k/6s9is7pm0i/50273.ts,3440,2025-12-14T16:11:39.603870,h264,aac,PROGRESSIVE,OK,5056.8336,25.0,1280x720,472.0,0.0,False,False,False
403.0,44,49646,UK: Sky Sports Football HD 50FPS,http://easyip.xyz/live/g38Stuew/j7jmCpJ/52326.ts,3440,2025-12-14T16:11:47.596432,h264,eac3,PROGRESSIVE,OK,7055.1448,50.0,1920x1080,317.0,0.0,False,False,True
403.0,44,52350,UK| SKY SPORTS FOOTBALL SD,http://mzzxzgtd.mexamo.xyz/live/7PGRPWPV/2FEKK9KD/153696.ts,3440,2025-12-14T16:11:47.596564,h264,aac,PROGRESSIVE,OK,2806.1208,50.0,720x576,476.0,0.0,False,False,False
403.0,44,23454,UK: SKY SPORTS FOOTBALL ᴿᴬᵂ,http://cf.business-cdn.me/live/4a17e36d6d/96a721805e/588044.ts,3440,2025-12-14T16:12:23.247478,N/A,N/A,UNKNOWN,OK,N/A,N/A,N/A,N/A,N/A,False,False,False
403.0,44,52327,UK| SKY SPORTS FOOTBALL HEVC,http://mzzxzgtd.mexamo.xyz/live/7PGRPWPV/2FEKK9KD/433208.ts,3440,2025-12-14T16:12:23.247561,h264,aac,UNKNOWN (Timeout),OK,5355.033600000001,25.0,1280x720,479.0,0.0,False,False,False
403.0,44,49645,UK: Sky Sports Football HD,http://easyip.xyz/live/g38Stuew/j7jmCpJ/9700.ts,3440,2025-12-14T16:12:31.166976,h264,aac,PROGRESSIVE,OK,7736.028,25.0,1920x1080,472.0,0.0,False,False,True
403.0,44,23432,UK: SKY SPORTS FOOTBALL SD,http://cf.business-cdn.me/live/4a17e36d6d/96a721805e/588021.ts,3440,2025-12-14T16:12:33.587660,N/A,N/A,UNKNOWN,OK,N/A,N/A,N/A,N/A,N/A,False,False,False
403.0,44,23486,UK: SKY SPORTS FOOTBALL HEVC HD,http://cf.business-cdn.me/live/4a17e36d6d/96a721805e/621654.ts,3440,2025-12-14T16:12:43.893640,N/A,N/A,UNKNOWN,OK,N/A,N/A,N/A,N/A,N/A,False,False,False
403.0,44,23509,UK: SKY SPORTS FOOTBALL HEVC 4K,http://cf.business-cdn.me/live/4a17e36d6d/96a721805e/621632.ts,3440,2025-12-14T16:12:54.237470,N/A,N/A,UNKNOWN,OK,N/A,N/A,N/A,N/A,N/A,False,False,False
403.0,44,63036,NOW| SKY SPORTS FOOTBALL,http://125280576791.d4ktv.info/live/z23etr5537/pb6l2eyhpe/1236220.ts,3440,2025-12-14T16:13:04.533751,h264,eac3,PROGRESSIVE,OK,6333.0808,50.0,1920x1080,315.0,0.0,False,False,True
403.0,44,23394,UK: SKY SPORTS FOOTBALL ᴴᴰ ◉,http://cf.business-cdn.me/live/4a17e36d6d/96a721805e/588070.ts,3440,2025-12-14T16:13:04.534024,N/A,N/A,UNKNOWN,OK,N/A,N/A,N/A,N/A,N/A,False,False,False
403.0,44,110979,NOW| SKY SPORTS FOOTBALL,http://130980947578.d4ktv.info/live/v3w0cvpz3k/6s9is7pm0i/1236220.ts,3440,2025-12-14T16:13:14.784560,h264,eac3,PROGRESSIVE,OK,10010.568,50.0,1920x1080,315.0,0.0,False,False,True
403.0,44,23061,NOW: SKY SPORTS FOOTBALL ᴿᴬᵂ,http://cf.business-cdn.me/live/4a17e36d6d/96a721805e/1527635.ts,3440,2025-12-14T16:13:24.030092,N/A,N/A,UNKNOWN,OK,N/A,N/A,N/A,N/A,N/A,False,False,False
403.0,44,49644,UK: Sky Sports Football,http://easyip.xyz/live/g38Stuew/j7jmCpJ/7225.ts,3440,2025-12-14T16:13:24.030192,h264,aac,PROGRESSIVE,OK,1915.2088,50.0,720x576,477.0,0.0,False,False,False
403.0,44,23062,NOW: SKY SPORTS FOOTBALL ᴴᴰ,http://cf.business-cdn.me/live/4a17e36d6d/96a721805e/1527634.ts,3440,2025-12-14T16:13:34.297082,N/A,N/A,UNKNOWN,OK,N/A,N/A,N/A,N/A,N/A,False,False,False
403.0,44,52336,UK| SKY SPORTS FOOTBALL HD,http://mzzxzgtd.mexamo.xyz/live/7PGRPWPV/2FEKK9KD/191691.ts,3440,2025-12-14T16:13:44.483072,h264,aac,PROGRESSIVE,OK,3602.6328000000003,50.0,1280x720,477.0,0.0,False,False,False
403.0,44,52312,UK| SKY SPORTS FOOTBALL FHD,http://mzzxzgtd.mexamo.xyz/live/7PGRPWPV/2FEKK9KD/153695.ts,3440,2025-12-14T16:14:32.983580,h264,eac3,PROGRESSIVE,OK,10357.0008,50.0,1920x1080,315.0,0.0,False,False,True
403.0,44,50391,UK| SKY SPORTS FOOTBALL 50 FPS,http://mzzxzgtd.mexamo.xyz/live/7PGRPWPV/2FEKK9KD/401605123.ts,3440,2025-12-14T16:15:26.075112,h264,eac3,PROGRESSIVE,OK,8430.0064,50.0,1920x1080,315.0,0.0,False,False,True
402.0,49,61973,|UK| Sky Sports Premier League ᵁᴴᴰ,http://125280576791.d4ktv.info/live/z23etr5537/pb6l2eyhpe/693882.ts,3440,2025-12-14T16:19:22.550042,N/A,N/A,PROGRESSIVE,OK,N/A,N/A,N/A,N/A,N/A,False,False,True
402.0,49,109989,|UK| Sky Sports Premier League ᵁᴴᴰ,http://130980947578.d4ktv.info/live/v3w0cvpz3k/6s9is7pm0i/693882.ts,3440,2025-12-14T16:19:22.550481,hevc,aac,UNKNOWN,OK,N/A,25.0,1920x1080,N/A,N/A,False,False,False
402.0,49,110938,|UK| SKY SPORTS PREMIER LEAGUE ˢᴰ,http://130980947578.d4ktv.info/live/v3w0cvpz3k/6s9is7pm0i/205919.ts,3440,2025-12-14T16:19:33.449835,h264,aac,PROGRESSIVE,OK,1990.2352,25.0,720x576,471.0,0.0,False,False,False
402.0,49,62995,|UK| SKY SPORTS PREMIER LEAGUE ˢᴰ,http://125280576791.d4ktv.info/live/z23etr5537/pb6l2eyhpe/205919.ts,3440,2025-12-14T16:20:05.596983,h264,aac,PROGRESSIVE,OK,1709.8576,25.0,720x576,471.0,0.0,False,False,False
402.0,49,23322,VIP: SKY SPORTS PREMIER LEAGUE ⁽ᴮᴷ²⁾ SD ʰᵉᵛᶜ,http://cf.business-cdn.me/live/4a17e36d6d/96a721805e/1290258.ts,3440,2025-12-14T16:20:08.597605,N/A,N/A,UNKNOWN,OK,N/A,N/A,N/A,N/A,N/A,False,False,False
402.0,49,110649,|UK| SKY SPORTS PREMIER LEAGUE ᵁᴴᴰ,http://130980947578.d4ktv.info/live/v3w0cvpz3k/6s9is7pm0i/50272.ts,3440,2025-12-14T16:20:08.597825,h264,aac,PROGRESSIVE,OK,5645.691199999999,25.0,1920x1080,472.0,0.0,False,False,True
402.0,49,23374,VIP: SKY SPORTS PREMIER LEAGUE ᴿᴬᵂ ᴿᴬᵂ,http://cf.business-cdn.me/live/4a17e36d6d/96a721805e/1290206.ts,3440,2025-12-14T16:20:18.932564,N/A,N/A,UNKNOWN,OK,N/A,N/A,N/A,N/A,N/A,False,False,False
402.0,49,23361,VIP: SKY SPORTS PREMIER LEAGUE ᴿᴬᵂ ʰᵉᵛᶜ,http://cf.business-cdn.me/live/4a17e36d6d/96a721805e/1290219.ts,3440,2025-12-14T16:20:29.238564,N/A,N/A,UNKNOWN,OK,N/A,N/A,N/A,N/A,N/A,False,False,False
402.0,49,62633,|UK| SKY SPORTS PREMIER LEAGUE ᵁᴴᴰ,http://125280576791.d4ktv.info/live/z23etr5537/pb6l2eyhpe/50272.ts,3440,2025-12-14T16:20:36.005054,h264,aac,PROGRESSIVE,OK,7119.5128,25.0,1920x1080,471.0,0.0,False,False,False
402.0,49,23287,VIP: SKY SPORTS PREMIER LEAGUE ᴴᴰ ʰᵉᵛᶜ,http://cf.business-cdn.me/live/4a17e36d6d/96a721805e/1290293.ts,3440,2025-12-14T16:20:39.496469,N/A,N/A,UNKNOWN,OK,N/A,N/A,N/A,N/A,N/A,False,False,False
402.0,49,23266,VIP: SKY SPORTS PREMIER LEAGUE ᴴᴰ,http://cf.business-cdn.me/live/4a17e36d6d/96a721805e/1290314.ts,3440,2025-12-14T16:20:49.753582,N/A,N/A,UNKNOWN,OK,N/A,N/A,N/A,N/A,N/A,False,False,False
402.0,49,110648,|UK| SKY SPORTS PREMIER LEAGUE ᴴᴰ,http://130980947578.d4ktv.info/live/v3w0cvpz3k/6s9is7pm0i/10511.ts,3440,2025-12-14T16:20:57.006362,h264,aac,PROGRESSIVE,OK,5948.2448,25.0,1920x1080,472.0,0.0,False,False,False
402.0,49,23300,VIP: SKY SPORTS PREMIER LEAGUE SD,http://cf.business-cdn.me/live/4a17e36d6d/96a721805e/1290280.ts,3440,2025-12-14T16:20:59.963581,N/A,N/A,UNKNOWN,OK,N/A,N/A,N/A,N/A,N/A,False,False,False
402.0,49,52333,UK| SKY SPORTS PREMIER LEAGUE [BK],http://mzzxzgtd.mexamo.xyz/live/7PGRPWPV/2FEKK9KD/401384747.ts,3440,2025-12-14T16:21:10.301077,h264,aac,PROGRESSIVE,OK,7486.5144,25.0,1920x1080,471.0,0.0,False,False,False
402.0,49,23321,VIP: SKY SPORTS PREMIER LEAGUE SD ʰᵉᵛᶜ,http://cf.business-cdn.me/live/4a17e36d6d/96a721805e/1290259.ts,3440,2025-12-14T16:21:10.301361,N/A,N/A,UNKNOWN,OK,N/A,N/A,N/A,N/A,N/A,False,False,False
402.0,49,23340,VIP: SKY SPORTS PREMIER LEAGUE ᴿᴬᵂ,http://cf.business-cdn.me/live/4a17e36d6d/96a721805e/1290240.ts,3440,2025-12-14T16:21:20.564091,N/A,N/A,UNKNOWN,OK,N/A,N/A,N/A,N/A,N/A,False,False,False
402.0,49,62632,|UK| SKY SPORTS PREMIER LEAGUE ᴴᴰ,http://125280576791.d4ktv.info/live/z23etr5537/pb6l2eyhpe/10511.ts,3440,2025-12-14T16:21:26.154817,h264,aac,PROGRESSIVE,OK,5861.2216,25.0,1920x1080,472.0,0.0,False,False,True
402.0,49,110021,|UK| SKY SPORTS PREMIER LEAGUE ᵁᴴᴰ,http://130980947578.d4ktv.info/live/v3w0cvpz3k/6s9is7pm0i/190956.ts,3440,2025-12-14T16:21:45.968404,h264,aac,UNKNOWN,OK,N/A,50.0,1920x1080,N/A,N/A,False,False,False
402.0,49,49643,UK: Sky Sports Premier League HD 50FPS,http://easyip.xyz/live/g38Stuew/j7jmCpJ/52331.ts,3440,2025-12-14T16:22:02.248609,h264,aac,PROGRESSIVE,OK,7675.4008,50.0,1920x1080,475.0,0.0,False,False,True
402.0,49,52348,UK| SKY SPORTS PREMIER LEAGUE SD,http://mzzxzgtd.mexamo.xyz/live/7PGRPWPV/2FEKK9KD/153694.ts,3440,2025-12-14T16:22:02.248849,h264,aac,PROGRESSIVE,OK,1946.4984,25.0,720x576,471.0,0.0,False,False,True
402.0,49,62005,|UK| SKY SPORTS PREMIER LEAGUE ᵁᴴᴰ,http://125280576791.d4ktv.info/live/z23etr5537/pb6l2eyhpe/190956.ts,3440,2025-12-14T16:22:16.619067,h264,aac,PROGRESSIVE,OK,7571.432000000001,50.0,1920x1080,476.0,0.0,False,False,True
402.0,49,52323,UK| SKY SPORTS PREMIER LEAGUE HEVC,http://mzzxzgtd.mexamo.xyz/live/7PGRPWPV/2FEKK9KD/433203.ts,3440,2025-12-14T16:22:34.356804,h264,aac,PROGRESSIVE,OK,8063.2312,25.0,1920x1080,472.0,0.0,False,False,True
402.0,49,23452,UK: SKY SPORTS PREMIER LEAGUE ᴿᴬᵂ,http://cf.business-cdn.me/live/4a17e36d6d/96a721805e/588026.ts,3440,2025-12-14T16:22:46.141438,N/A,N/A,UNKNOWN,OK,N/A,N/A,N/A,N/A,N/A,False,False,False
402.0,49,49642,UK: Sky Sports Premier League HD,http://easyip.xyz/live/g38Stuew/j7jmCpJ/9704.ts,3440,2025-12-14T16:22:46.141503,h264,aac,PROGRESSIVE,OK,7853.516,25.0,1920x1080,472.0,0.0,False,False,True
402.0,49,23485,UK: SKY SPORTS PREMIER LEAGUE HEVC HD,http://cf.business-cdn.me/live/4a17e36d6d/96a721805e/621655.ts,3440,2025-12-14T16:22:56.510387,N/A,N/A,UNKNOWN,OK,N/A,N/A,N/A,N/A,N/A,False,False,False
402.0,49,110983,NOW| SKY SPORTS PREMIER LEAGUE,http://130980947578.d4ktv.info/live/v3w0cvpz3k/6s9is7pm0i/1236219.ts,3440,2025-12-14T16:23:06.873294,h264,eac3,PROGRESSIVE,OK,8214.7344,50.0,1920x1080,315.0,0.0,False,False,True
402.0,49,23508,UK: SKY SPORTS PREMIER LEAGUE HEVC 4K,http://cf.business-cdn.me/live/4a17e36d6d/96a721805e/621633.ts,3440,2025-12-14T16:23:06.873744,N/A,N/A,UNKNOWN,OK,N/A,N/A,N/A,N/A,N/A,False,False,False
402.0,49,63040,NOW| SKY SPORTS PREMIER LEAGUE,http://125280576791.d4ktv.info/live/z23etr5537/pb6l2eyhpe/1236219.ts,3440,2025-12-14T16:23:17.099395,N/A,N/A,PROGRESSIVE,OK,9426.38,N/A,N/A,315.0,0.0,False,False,True
402.0,49,23059,NOW: SKY SPORTS PREMIER LEAGUE ᴿᴬᵂ,http://cf.business-cdn.me/live/4a17e36d6d/96a721805e/1527637.ts,3440,2025-12-14T16:23:35.985246,N/A,N/A,UNKNOWN,OK,N/A,N/A,N/A,N/A,N/A,False,False,False
402.0,49,49641,UK: Sky Sports Premier League,http://easyip.xyz/live/g38Stuew/j7jmCpJ/6862.ts,3440,2025-12-14T16:23:35.985336,h264,aac,PROGRESSIVE,OK,3215.6696,25.0,720x576,471.0,0.0,False,False,False
402.0,49,52332,UK| SKY SPORTS PREMIER LEAGUE HD,http://mzzxzgtd.mexamo.xyz/live/7PGRPWPV/2FEKK9KD/191686.ts,3440,2025-12-14T16:23:37.138959,h264,eac3,PROGRESSIVE,OK,8890.408800000001,50.0,1920x1080,315.0,0.0,False,False,True
402.0,49,23060,NOW: SKY SPORTS PREMIER LEAGUE ᴴᴰ,http://cf.business-cdn.me/live/4a17e36d6d/96a721805e/1527636.ts,3440,2025-12-14T16:23:46.215893,N/A,N/A,UNKNOWN,OK,N/A,N/A,N/A,N/A,N/A,False,False,False
402.0,49,52309,UK| SKY SPORTS PREMIER LEAGUE FHD,http://mzzxzgtd.mexamo.xyz/live/7PGRPWPV/2FEKK9KD/153693.ts,3440,2025-12-14T16:24:34.932993,h264,aac,PROGRESSIVE,OK,8063.2312,50.0,1920x1080,475.0,0.0,False,False,True
402.0,49,50395,UK| SKY SPORTS PREMIER LEAGUE 50 FPS,http://mzzxzgtd.mexamo.xyz/live/7PGRPWPV/2FEKK9KD/401605125.ts,3440,2025-12-14T16:25:23.951978,h264,aac,PROGRESSIVE,OK,8144.0088,50.0,1920x1080,476.0,0.0,False,False,True
401.0,46,110567,|UK| SKY SPORTS MAIN EVENT ᵁᴴᴰ,http://130980947578.d4ktv.info/live/v3w0cvpz3k/6s9is7pm0i/50271.ts,3440,2025-12-14T17:27:31.207433,hevc,eac3,PROGRESSIVE,OK,12677.250666666669,50.0,3840x2160,940.0,0.0,False,False,True
401.0,46,61971,|UK| Sky Sports Main Events ᵁᴴᴰ,http://125280576791.d4ktv.info/live/z23etr5537/pb6l2eyhpe/693879.ts,3440,2025-12-14T17:42:41.512312,hevc,aac,UNKNOWN,OK,N/A,25.0,1920x1080,N/A,N/A,False,False,False
401.0,46,109987,|UK| Sky Sports Main Events ᵁᴴᴰ,http://130980947578.d4ktv.info/live/v3w0cvpz3k/6s9is7pm0i/693879.ts,3440,2025-12-14T17:42:41.512813,hevc,aac,UNKNOWN,OK,N/A,25.0,1920x1080,N/A,N/A,False,False,False
401.0,46,23332,VIP: SKY SPORTS MAIN EVENT ⁴ᵏ & ³⁸⁴⁰ᴾ,http://cf.business-cdn.me/live/4a17e36d6d/96a721805e/1290248.ts,3440,2025-12-14T17:42:41.515470,N/A,N/A,UNKNOWN,OK,N/A,N/A,N/A,N/A,N/A,False,False,False
401.0,46,23373,VIP: SKY SPORTS MAIN EVENT ᴿᴬᵂ ᴿᴬᵂ,http://cf.business-cdn.me/live/4a17e36d6d/96a721805e/1290207.ts,3440,2025-12-14T17:43:11.802787,N/A,N/A,UNKNOWN,OK,N/A,N/A,N/A,N/A,N/A,False,False,False
401.0,46,62001,|UK| SKY SPORTS MAIN EVENT ᵁᴴᴰ,http://125280576791.d4ktv.info/live/z23etr5537/pb6l2eyhpe/138134.ts,3440,2025-12-14T17:43:12.243470,h264,aac,PROGRESSIVE,OK,6672.332533333333,25.0,1920x1080,1409.0,0.0,False,False,False
401.0,46,110017,|UK| SKY SPORTS MAIN EVENT ᵁᴴᴰ,http://130980947578.d4ktv.info/live/v3w0cvpz3k/6s9is7pm0i/138134.ts,3440,2025-12-14T17:43:12.366240,h264,aac,PROGRESSIVE,OK,N/A,25.0,1920x1080,N/A,N/A,False,False,False
401.0,46,23286,VIP: SKY SPORTS MAIN EVENT ᴴᴰ ʰᵉᵛᶜ,http://cf.business-cdn.me/live/4a17e36d6d/96a721805e/1290294.ts,3440,2025-12-14T17:43:42.199740,N/A,N/A,UNKNOWN,OK,N/A,N/A,N/A,N/A,N/A,False,False,False
401.0,46,62551,|UK| SKY SPORTS MAIN EVENT ᵁᴴᴰ,http://125280576791.d4ktv.info/live/z23etr5537/pb6l2eyhpe/50271.ts,3440,2025-12-14T17:44:12.254570,hevc,eac3,PROGRESSIVE,OK,10396.875733333332,50.0,3840x2160,704.0,0.0,False,False,False
401.0,46,23320,VIP: SKY SPORTS MAIN EVENT SD ʰᵉᵛᶜ,http://cf.business-cdn.me/live/4a17e36d6d/96a721805e/1290260.ts,3440,2025-12-14T17:44:12.505856,N/A,N/A,UNKNOWN,OK,N/A,N/A,N/A,N/A,N/A,False,False,False
401.0,46,110570,|UK| SKY SPORTS MAIN EVENT ᴴᴰ,http://130980947578.d4ktv.info/live/v3w0cvpz3k/6s9is7pm0i/10514.ts,3440,2025-12-14T17:44:24.819809,h264,aac,PROGRESSIVE,OK,6110.236266666666,25.0,1920x1080,1410.0,0.0,False,False,False
401.0,46,52331,UK| SKY SPORTS MAIN EVENTS [BK],http://mzzxzgtd.mexamo.xyz/live/7PGRPWPV/2FEKK9KD/401384748.ts,3440,2025-12-14T17:44:42.771959,h264,aac,PROGRESSIVE,OK,3544.0808,25.0,1280x720,1410.0,0.0,False,False,False
401.0,46,23360,VIP: SKY SPORTS MAIN EVENT ᴿᴬᵂ ʰᵉᵛᶜ,http://cf.business-cdn.me/live/4a17e36d6d/96a721805e/1290220.ts,3440,2025-12-14T17:44:42.772039,N/A,N/A,UNKNOWN,OK,N/A,N/A,N/A,N/A,N/A,False,False,False
401.0,46,62554,|UK| SKY SPORTS MAIN EVENT ᴴᴰ,http://125280576791.d4ktv.info/live/z23etr5537/pb6l2eyhpe/10514.ts,3440,2025-12-14T17:44:55.063313,h264,aac,PROGRESSIVE,OK,6251.2048,25.0,1920x1080,1410.0,0.0,False,False,False
401.0,46,23265,VIP: SKY SPORTS MAIN EVENT ᴴᴰ,http://cf.business-cdn.me/live/4a17e36d6d/96a721805e/1290315.ts,3440,2025-12-14T17:45:13.021471,N/A,N/A,UNKNOWN,OK,N/A,N/A,N/A,N/A,N/A,False,False,False
401.0,46,23339,VIP: SKY SPORTS MAIN EVENT ᴿᴬᵂ,http://cf.business-cdn.me/live/4a17e36d6d/96a721805e/1290241.ts,3440,2025-12-14T17:45:43.301032,N/A,N/A,UNKNOWN,OK,N/A,N/A,N/A,N/A,N/A,False,False,False
401.0,46,49639,UK: Sky Sports Main Event HD 50FPS,http://easyip.xyz/live/g38Stuew/j7jmCpJ/52328.ts,3440,2025-12-14T17:45:48.855641,h264,aac,PROGRESSIVE,OK,5826.804,50.0,1920x1080,1413.0,0.0,False,False,True
401.0,46,52330,UK| SKY SPORTS MAIN EVENTS HD,http://mzzxzgtd.mexamo.xyz/live/7PGRPWPV/2FEKK9KD/191674.ts,3440,2025-12-14T17:45:48.855877,h264,aac,PROGRESSIVE,OK,3540.751733333333,25.0,1280x720,1409.0,0.0,False,False,False
401.0,46,23299,VIP: SKY SPORTS MAIN EVENT SD,http://cf.business-cdn.me/live/4a17e36d6d/96a721805e/1290281.ts,3440,2025-12-14T17:46:13.588993,N/A,N/A,UNKNOWN,OK,N/A,N/A,N/A,N/A,N/A,False,False,False
401.0,46,23442,UK: SKY SPORTS MAIN EVENTS ᵁᴴᴰ ³⁸⁴⁰ᴾ,http://cf.business-cdn.me/live/4a17e36d6d/96a721805e/950402.ts,3440,2025-12-14T17:46:43.906666,N/A,N/A,UNKNOWN,OK,N/A,N/A,N/A,N/A,N/A,False,False,False
401.0,46,52308,UK| SKY SPORTS MAIN EVENTS FHD,http://mzzxzgtd.mexamo.xyz/live/7PGRPWPV/2FEKK9KD/401793687.ts,3440,2025-12-14T17:47:00.308201,h264,aac,PROGRESSIVE,OK,6932.711466666667,50.0,1920x1080,1409.0,0.0,False,False,True
401.0,46,49638,UK: Sky Sports Main Event HD,http://easyip.xyz/live/g38Stuew/j7jmCpJ/9701.ts,3440,2025-12-14T17:47:07.225871,h264,aac,PROGRESSIVE,OK,5916.828533333333,25.0,1920x1080,1409.0,0.0,False,False,False
401.0,46,23507,UK: SKY SPORTS MAIN EVENTS HEVC 4K,http://cf.business-cdn.me/live/4a17e36d6d/96a721805e/621634.ts,3440,2025-12-14T17:47:14.234378,N/A,N/A,UNKNOWN,OK,N/A,N/A,N/A,N/A,N/A,False,False,False
401.0,46,23453,UK: SKY SPORTS MAIN EVENT ᴿᴬᵂ,http://cf.business-cdn.me/live/4a17e36d6d/96a721805e/588046.ts,3440,2025-12-14T17:47:44.561793,N/A,N/A,UNKNOWN,OK,N/A,N/A,N/A,N/A,N/A,False,False,False
401.0,46,23428,UK: SKY SPORTS MAIN EVENT SD,http://cf.business-cdn.me/live/4a17e36d6d/96a721805e/588027.ts,3440,2025-12-14T17:48:14.902153,N/A,N/A,UNKNOWN,OK,N/A,N/A,N/A,N/A,N/A,False,False,False
401.0,46,63038,NOW| SKY SPORTS MAIN EVENT,http://125280576791.d4ktv.info/live/z23etr5537/pb6l2eyhpe/1236218.ts,3440,2025-12-14T17:48:20.287397,h264,eac3,PROGRESSIVE,OK,9101.5336,50.0,1920x1080,940.0,0.0,False,False,False
401.0,46,50394,UK| SKY SPORTS MAIN EVENTS 50 FPS,http://mzzxzgtd.mexamo.xyz/live/7PGRPWPV/2FEKK9KD/401605126.ts,3440,2025-12-14T17:48:20.287967,h264,aac,PROGRESSIVE,OK,5658.709066666666,50.0,1920x1080,1414.0,0.0,False,False,True
401.0,46,110981,NOW| SKY SPORTS MAIN EVENT,http://130980947578.d4ktv.info/live/v3w0cvpz3k/6s9is7pm0i/1236218.ts,3440,2025-12-14T17:48:28.585658,h264,eac3,PROGRESSIVE,OK,8331.1216,50.0,1920x1080,941.0,0.0,False,False,True
401.0,46,49637,UK: Sky Sports Main Event,http://easyip.xyz/live/g38Stuew/j7jmCpJ/6870.ts,3440,2025-12-14T17:48:28.585793,h264,aac,PROGRESSIVE,OK,2004.8114666666663,25.0,720x576,1410.0,0.0,False,False,False
401.0,46,23093,NOW: SKY SPORTS MAIN EVENT ᵁᴴᴰ ³⁸⁴⁰ᴾ,http://cf.business-cdn.me/live/4a17e36d6d/96a721805e/1527598.ts,3440,2025-12-14T17:48:45.130106,N/A,N/A,UNKNOWN,OK,N/A,N/A,N/A,N/A,N/A,False,False,False
401.0,46,23057,NOW: SKY SPORTS MAIN EVENT ᴿᴬᵂ,http://cf.business-cdn.me/live/4a17e36d6d/96a721805e/1527639.ts,3440,2025-12-14T17:49:15.419264,N/A,N/A,UNKNOWN,OK,N/A,N/A,N/A,N/A,N/A,False,False,False
401.0,46,23484,UK: SKY SPORTS MAIN EVENTS HEVC HD,http://cf.business-cdn.me/live/4a17e36d6d/96a721805e/621656.ts,3440,2025-12-14T17:49:45.657067,N/A,N/A,UNKNOWN,OK,N/A,N/A,N/A,N/A,N/A,False,False,False
401.0,46,52347,UK| SKY SPORTS MAIN EVENT SD,http://mzzxzgtd.mexamo.xyz/live/7PGRPWPV/2FEKK9KD/153692.ts,3440,2025-12-14T17:49:48.452917,h264,aac,PROGRESSIVE,OK,1918.788,25.0,720x576,1409.0,0.0,False,False,False
401.0,46,23393,UK: SKY SPORTS MAIN EVENTS ᴴᴰ ◉,http://cf.business-cdn.me/live/4a17e36d6d/96a721805e/588072.ts,3440,2025-12-14T17:50:15.981510,N/A,N/A,UNKNOWN,OK,N/A,N/A,N/A,N/A,N/A,False,False,False
401.0,46,23058,NOW: SKY SPORTS MAIN EVENT ᴴᴰ,http://cf.business-cdn.me/live/4a17e36d6d/96a721805e/1527638.ts,3440,2025-12-14T17:50:46.240016,N/A,N/A,UNKNOWN,OK,N/A,N/A,N/A,N/A,N/A,False,False,False
406.0,43,62563,|UK| SKY SPORTS F1 ᵁᴴᴰ,http://125280576791.d4ktv.info/live/z23etr5537/pb6l2eyhpe/50276.ts,3440,2025-12-14T18:34:15.290055,h264,aac,PROGRESSIVE,OK,6672.332533333333,25.0,1920x1080,1410.0,0.0,False,False,False
406.0,43,110578,|UK| SKY SPORTS F1 ᵁᴴᴰ,http://130980947578.d4ktv.info/live/v3w0cvpz3k/6s9is7pm0i/303265.ts,3440,2025-12-14T18:34:15.290440,h264,aac,UNKNOWN,OK,N/A,50.0,1920x1080,N/A,N/A,False,False,False
406.0,43,23333,VIP: SKY SPORTS F1 ⁴ᵏ & ³⁸⁴⁰ᴾ,http://cf.business-cdn.me/live/4a17e36d6d/96a721805e/1290247.ts,3440,2025-12-14T18:34:47.116856,N/A,N/A,UNKNOWN,OK,N/A,N/A,N/A,N/A,N/A,False,False,False
406.0,43,110579,|UK| SKY SPORTS F1 ᵁᴴᴰ,http://130980947578.d4ktv.info/live/v3w0cvpz3k/6s9is7pm0i/50276.ts,3440,2025-12-14T18:34:47.116982,h264,aac,PROGRESSIVE,OK,5036.004266666667,25.0,1920x1080,1067.0,0.0,False,False,False
406.0,43,23381,VIP: SKY SPORTS F1 ᴿᴬᵂ ᴿᴬᵂ,http://cf.business-cdn.me/live/4a17e36d6d/96a721805e/1290199.ts,3440,2025-12-14T18:35:17.579792,N/A,N/A,UNKNOWN,OK,N/A,N/A,N/A,N/A,N/A,False,False,False
406.0,43,62562,|UK| SKY SPORTS F1 ᵁᴴᴰ,http://125280576791.d4ktv.info/live/z23etr5537/pb6l2eyhpe/303265.ts,3440,2025-12-14T18:35:37.292853,h264,aac,PROGRESSIVE,OK,7511.193333333333,50.0,1920x1080,1414.0,0.0,False,False,True
406.0,43,23345,VIP: SKY SPORTS F1 ᴿᴬᵂ,http://cf.business-cdn.me/live/4a17e36d6d/96a721805e/1290235.ts,3440,2025-12-14T18:35:48.132794,N/A,N/A,UNKNOWN,OK,N/A,N/A,N/A,N/A,N/A,False,False,False
406.0,43,110025,|UK| SKY SPORTS F1 ᵁᴴᴰ,http://130980947578.d4ktv.info/live/v3w0cvpz3k/6s9is7pm0i/138141.ts,3440,2025-12-14T18:35:56.623233,h264,aac,PROGRESSIVE,OK,5577.358933333334,25.0,1920x1080,1326.0,0.0,False,False,False
406.0,43,23273,VIP: SKY SPORTS F1 ᴴᴰ,http://cf.business-cdn.me/live/4a17e36d6d/96a721805e/1290307.ts,3440,2025-12-14T18:36:18.494981,N/A,N/A,UNKNOWN,OK,N/A,N/A,N/A,N/A,N/A,False,False,False
406.0,43,23329,VIP: SKY SPORTS F1 SD ʰᵉᵛᶜ,http://cf.business-cdn.me/live/4a17e36d6d/96a721805e/1290251.ts,3440,2025-12-14T18:36:48.808091,N/A,N/A,UNKNOWN,OK,N/A,N/A,N/A,N/A,N/A,False,False,False
406.0,43,62009,|UK| SKY SPORTS F1 ᵁᴴᴰ,http://125280576791.d4ktv.info/live/z23etr5537/pb6l2eyhpe/138141.ts,3440,2025-12-14T18:36:56.770188,h264,aac,PROGRESSIVE,OK,5682.535466666667,25.0,1920x1080,1215.0,0.0,False,False,False
406.0,43,52345,UK| SKY SPORTS F1 [BK],http://mzzxzgtd.mexamo.xyz/live/7PGRPWPV/2FEKK9KD/401384750.ts,3440,2025-12-14T18:37:10.824707,hevc,eac3,PROGRESSIVE,OK,12420.766666666666,50.0,3840x2160,940.0,0.0,False,False,True
406.0,43,110582,|UK| SKY SPORTS F1 ᴴᴰ,http://130980947578.d4ktv.info/live/v3w0cvpz3k/6s9is7pm0i/10525.ts,3440,2025-12-14T18:37:10.824827,hevc,aac,PROGRESSIVE,OK,1936.2642666666663,25.0,1280x720,1410.0,0.0,False,False,False
406.0,43,23368,VIP: SKY SPORTS F1 ᴿᴬᵂ ʰᵉᵛᶜ,http://cf.business-cdn.me/live/4a17e36d6d/96a721805e/1290212.ts,3440,2025-12-14T18:37:19.167920,N/A,N/A,UNKNOWN,OK,N/A,N/A,N/A,N/A,N/A,False,False,False
406.0,43,23294,VIP: SKY SPORTS F1 ᴴᴰ ʰᵉᵛᶜ,http://cf.business-cdn.me/live/4a17e36d6d/96a721805e/1290286.ts,3440,2025-12-14T18:37:49.410045,N/A,N/A,UNKNOWN,OK,N/A,N/A,N/A,N/A,N/A,False,False,False
406.0,43,62566,|UK| SKY SPORTS F1 ᴴᴰ,http://125280576791.d4ktv.info/live/z23etr5537/pb6l2eyhpe/10525.ts,3440,2025-12-14T18:38:01.603583,hevc,aac,PROGRESSIVE,OK,1490.068266666667,25.0,1280x720,1199.0,0.0,False,False,False
406.0,43,23308,VIP: SKY SPORTS F1 SD,http://cf.business-cdn.me/live/4a17e36d6d/96a721805e/1290272.ts,3440,2025-12-14T18:38:19.639139,N/A,N/A,UNKNOWN,OK,N/A,N/A,N/A,N/A,N/A,False,False,False
406.0,43,52356,UK| SKY SPORTS F1 SD,http://mzzxzgtd.mexamo.xyz/live/7PGRPWPV/2FEKK9KD/153702.ts,3440,2025-12-14T18:38:42.330639,h264,aac,PROGRESSIVE,OK,1848.8829333333333,25.0,720x576,1410.0,0.0,False,False,False
406.0,43,110978,NOW| SKY SPORTS F1,http://130980947578.d4ktv.info/live/v3w0cvpz3k/6s9is7pm0i/1236225.ts,3440,2025-12-14T18:38:50.027530,h264,eac3,PROGRESSIVE,OK,7859.063466666667,50.0,1920x1080,894.0,0.0,False,False,True
406.0,43,23096,NOW: SKY SPORTS F1 ᵁᴴᴰ ³⁸⁴⁰ᴾ,http://cf.business-cdn.me/live/4a17e36d6d/96a721805e/1527595.ts,3440,2025-12-14T18:39:11.445307,N/A,N/A,UNKNOWN,OK,N/A,N/A,N/A,N/A,N/A,False,False,False
406.0,43,63035,NOW| SKY SPORTS F1,http://125280576791.d4ktv.info/live/z23etr5537/pb6l2eyhpe/1236225.ts,3440,2025-12-14T18:39:11.445439,h264,eac3,PROGRESSIVE,OK,8717.055733333333,50.0,1920x1080,941.0,0.0,False,False,True
406.0,43,23063,NOW: SKY SPORTS F1 ᴿᴬᵂ,http://cf.business-cdn.me/live/4a17e36d6d/96a721805e/1527633.ts,3440,2025-12-14T18:39:41.758090,N/A,N/A,UNKNOWN,OK,N/A,N/A,N/A,N/A,N/A,False,False,False
406.0,43,52325,UK| SKY SPORTS F1 HEVC,http://mzzxzgtd.mexamo.xyz/live/7PGRPWPV/2FEKK9KD/433205.ts,3440,2025-12-14T18:39:50.154232,h264,aac,PROGRESSIVE,OK,7332.0672,25.0,1920x1080,1409.0,0.0,False,False,False
406.0,43,23064,NOW: SKY SPORTS F1 ᴴᴰ,http://cf.business-cdn.me/live/4a17e36d6d/96a721805e/1527632.ts,3440,2025-12-14T18:40:11.997079,N/A,N/A,UNKNOWN,OK,N/A,N/A,N/A,N/A,N/A,False,False,False
406.0,43,52344,UK| SKY SPORTS F1 HD,http://mzzxzgtd.mexamo.xyz/live/7PGRPWPV/2FEKK9KD/153701.ts,3440,2025-12-14T18:41:09.422728,h264,aac,PROGRESSIVE,OK,2932.4114666666665,25.0,1280x720,1409.0,0.0,False,False,False
406.0,43,52319,UK| SKY SPORTS F1 FHD,http://mzzxzgtd.mexamo.xyz/live/7PGRPWPV/2FEKK9KD/191464.ts,3440,2025-12-14T18:42:25.527296,h264,aac,PROGRESSIVE,OK,7004.3816,25.0,1920x1080,1409.0,0.0,False,False,False
406.0,43,50403,UK| SKY SPORTS F1 50 FPS,http://mzzxzgtd.mexamo.xyz/live/7PGRPWPV/2FEKK9KD/401605117.ts,3440,2025-12-14T18:43:58.350541,h264,aac,PROGRESSIVE,OK,7871.2096,50.0,1920x1080,1414.0,0.0,False,False,True
28.0,31,52198,UK| 5STAR + 1 HD,http://mzzxzgtd.mexamo.xyz/live/7PGRPWPV/2FEKK9KD/153681.ts,835,2025-12-14T20:00:51.412336,mpeg2video,mp2,PROGRESSIVE,OK,1953.740533333333,25.0,704x576,1252.0,0.0,False,False,False
28.0,31,110874,|UK|  5STAR,http://130980947578.d4ktv.info/live/v3w0cvpz3k/6s9is7pm0i/77389.ts,835,2025-12-14T20:03:51.268668,mpeg2video,mp2,UNKNOWN,OK,N/A,25.0,704x576,N/A,N/A,False,False,False
28.0,31,62858,|UK|  5STAR,http://125280576791.d4ktv.info/live/z23etr5537/pb6l2eyhpe/77389.ts,835,2025-12-14T20:03:51.269122,mpeg2video,mp2,UNKNOWN,OK,N/A,25.0,704x576,N/A,N/A,False,False,False
28.0,31,52250,UK| 5STAR SD,http://mzzxzgtd.mexamo.xyz/live/7PGRPWPV/2FEKK9KD/191679.ts,835,2025-12-14T20:03:51.269630,mpeg2video,mp2,PROGRESSIVE,OK,2438.462666666667,25.0,704x576,1251.0,0.0,False,False,False
28.0,31,49501,UK: 5Star,http://easyip.xyz/live/g38Stuew/j7jmCpJ/7023.ts,835,2025-12-14T20:03:51.271294,mpeg2video,mp2,PROGRESSIVE,OK,2038.7357333333332,25.0,704x576,1252.0,0.0,False,False,False
28.0,31,21930,UK: 5 STAR ◉,http://cf.business-cdn.me/live/4a17e36d6d/96a721805e/162291.ts,835,2025-12-14T20:03:51.271949,N/A,N/A,UNKNOWN,OK,N/A,N/A,N/A,N/A,N/A,False,False,False
28.0,31,52197,UK| 5STAR HD,http://mzzxzgtd.mexamo.xyz/live/7PGRPWPV/2FEKK9KD/153640.ts,835,2025-12-14T20:05:02.006131,mpeg2video,mp2,INTERLACED,OK,2355.6946666666668,25.0,704x576,1251.0,0.0,False,False,False
